row,kmeans,gmm,agglo,dbscan
0,1,2,3,0
3,1,4,0,1
8,2,4,0,1
10,2,4,0,1
14,2,4,0,1
17,2,4,0,1
19,2,4,0,1
29,2,0,4,3
31,2,4,0,1
32,2,4,0,1
33,2,4,0,1
35,2,4,0,1
39,2,4,0,1
41,2,4,0,1
42,2,4,0,1
43,2,4,0,1
45,2,4,0,1
46,2,4,0,1
47,2,4,0,1
50,1,2,3,0
59,0,1,0,1
63,2,4,0,1
68,2,4,0,1
70,1,2,3,0
73,2,4,0,1
76,0,1,4,1
79,1,2,3,0
80,2,4,0,1
83,2,4,0,1
85,1,2,3,0
88,2,4,0,1
92,2,4,0,1
93,2,4,0,1
95,2,4,0,1
96,2,4,0,1
99,2,4,0,1
101,0,1,4,1
102,2,4,0,1
103,4,0,1,3
106,2,3,1,-1
107,2,4,0,1
108,2,4,0,1
111,1,2,3,0
119,2,4,0,1
123,2,4,0,1
131,0,1,0,1
134,0,1,4,1
135,2,4,0,1
144,2,0,1,3
149,2,4,0,1
150,2,4,0,1
169,2,4,0,1
173,1,2,3,0
177,2,1,0,1
180,2,4,0,1
185,2,4,0,1
188,4,0,1,3
200,0,1,4,1
210,3,3,2,-1
214,4,0,2,-1
216,3,1,2,1
217,2,4,0,1
218,2,4,0,1
221,2,4,0,1
245,2,4,0,1
247,2,1,0,1
248,0,1,4,1
251,2,4,0,1
259,2,0,1,3
263,2,4,0,1
265,2,4,0,1
267,2,4,0,1
274,2,4,0,1
280,2,4,0,1
286,1,2,3,0
288,4,0,1,3
290,0,1,0,1
291,0,1,4,1
293,1,2,3,0
295,2,4,0,1
299,2,4,0,1
303,2,4,0,1
304,2,4,0,1
311,2,4,0,1
315,4,0,1,3
316,2,4,0,1
318,3,1,2,1
321,2,4,0,1
330,1,2,3,0
333,0,1,4,1
335,2,1,0,1
346,2,4,0,1
349,0,1,0,1
357,2,4,0,1
360,2,4,0,1
367,0,1,4,1
373,4,0,1,-1
379,4,0,1,3
381,1,4,0,1
385,2,4,0,1
388,2,4,0,1
394,2,4,0,1
396,3,1,2,1
398,1,2,3,0
399,4,0,1,3
407,2,4,0,1
408,4,0,1,3
409,0,1,4,1
410,2,4,0,1
411,0,0,4,3
414,0,1,0,1
415,2,4,0,1
416,4,0,1,3
424,4,0,1,3
426,1,2,3,0
427,2,4,0,1
428,2,4,0,1
429,1,2,3,0
431,2,4,0,1
434,2,4,0,1
439,0,1,4,1
449,0,1,0,1
450,2,4,0,1
455,2,4,0,1
457,2,4,0,1
461,2,4,0,1
465,0,1,4,1
467,0,1,4,1
468,1,2,3,0
469,0,1,4,1
472,2,4,0,1
473,2,0,1,3
483,1,2,3,0
484,3,1,2,1
487,2,4,0,1
493,2,4,0,1
496,3,3,2,-1
500,2,4,0,1
510,4,0,1,3
518,2,4,0,1
530,3,1,2,1
532,1,2,3,0
533,2,4,0,1
538,2,4,0,1
542,2,4,0,1
543,0,1,4,1
549,2,4,0,1
554,1,2,3,0
562,2,4,0,1
563,3,3,1,-1
565,0,1,0,1
568,2,4,0,1
573,2,4,0,1
576,2,4,0,1
577,1,2,3,0
578,0,1,0,1
582,0,1,0,1
586,0,1,4,1
590,2,4,0,1
592,2,4,0,1
605,2,4,0,1
608,2,4,0,1
613,0,1,4,1
620,0,1,4,1
621,0,1,4,1
623,1,4,0,1
624,4,3,2,-1
633,2,4,0,1
647,2,4,0,1
651,2,4,0,1
655,0,1,4,1
668,0,1,4,1
673,2,4,0,1
676,0,1,4,1
683,0,1,4,1
694,4,0,1,3
696,4,0,1,3
700,2,4,0,1
704,4,0,1,3
708,0,1,4,1
710,0,1,0,1
713,2,4,0,1
714,2,4,0,1
718,2,4,0,1
720,1,2,3,0
724,1,2,3,0
730,4,0,1,3
733,0,1,4,1
735,4,0,1,3
736,2,4,0,1
740,4,0,1,3
741,2,4,0,1
744,2,4,0,1
747,3,3,2,-1
749,2,4,0,1
756,4,0,1,3
758,2,4,0,1
761,0,1,0,1
764,2,4,0,1
765,2,4,0,1
772,4,0,1,3
774,1,2,3,0
777,4,0,1,3
788,0,1,4,1
794,0,1,4,1
795,2,1,0,1
796,4,0,1,3
799,4,0,1,3
811,2,4,0,1
812,2,4,0,1
819,2,4,0,1
828,4,0,1,3
833,0,1,4,1
836,0,1,4,1
839,2,4,0,1
850,2,0,1,3
852,2,4,0,1
856,2,4,0,1
862,2,1,4,1
866,4,0,1,3
868,2,4,0,1
879,2,4,0,1
881,3,1,2,-1
883,0,1,4,1
895,2,4,0,1
898,0,1,4,1
900,2,4,0,1
902,2,4,0,1
908,2,4,0,1
909,3,3,2,-1
914,2,4,0,1
916,0,1,4,1
921,4,0,1,3
927,2,4,0,1
930,2,4,0,1
932,0,1,4,1
937,4,3,1,-1
952,0,1,4,1
957,2,4,0,1
958,0,1,4,1
960,2,4,0,1
967,2,4,0,1
970,3,1,2,1
971,3,1,2,1
973,2,4,0,1
979,4,0,1,3
981,0,1,4,1
993,1,2,3,0
1002,0,1,4,1
1006,2,4,0,1
1010,2,4,0,1
1011,0,1,4,1
1022,1,2,3,0
1026,4,0,1,3
1035,2,4,0,1
1039,2,4,0,1
1041,4,0,1,3
1042,0,1,4,1
1043,0,1,4,1
1047,1,2,3,0
1053,2,4,0,1
1056,2,4,0,1
1061,2,4,0,1
1068,0,1,4,1
1071,2,4,0,1
1076,0,1,4,1
1078,2,4,0,1
1082,2,4,0,1
1084,0,1,4,1
1085,2,4,0,1
1087,2,4,0,1
1090,2,4,0,1
1091,0,1,4,1
1107,2,4,0,1
1110,2,4,0,1
1111,3,1,2,1
1112,4,0,1,3
1113,0,1,4,1
1118,1,2,3,0
1121,2,4,0,1
1123,1,2,3,0
1139,3,1,2,1
1142,1,2,3,0
1145,0,1,4,1
1146,0,1,4,1
1147,3,1,2,1
1149,2,4,0,1
1153,2,4,0,1
1155,1,4,0,1
1157,0,1,4,1
1160,2,1,0,1
1166,3,1,2,1
1175,2,4,0,1
1178,2,4,0,1
1180,1,2,3,0
1183,0,1,4,1
1188,0,1,2,1
1190,0,1,4,1
1193,0,1,4,1
1194,0,1,4,1
1195,0,1,4,1
1197,2,4,0,1
1199,2,4,0,1
1201,2,4,0,1
1206,2,4,0,1
1208,0,1,4,1
1210,0,1,4,1
1213,1,2,3,0
1217,2,4,0,1
1219,2,4,0,1
1233,0,1,4,1
1236,1,2,3,0
1237,2,4,0,1
1245,0,0,4,3
1247,3,1,2,1
1250,2,4,0,1
1253,4,0,1,3
1254,4,0,1,3
1255,2,4,0,1
1261,2,4,0,1
1272,3,3,2,-1
1275,2,4,0,1
1277,3,1,2,-1
1281,3,0,1,3
1282,2,4,0,1
1284,0,1,4,1
1285,1,2,3,0
1297,2,4,0,1
1303,0,1,2,1
1320,4,0,1,-1
1323,4,0,1,3
1330,0,1,4,1
1345,2,1,0,1
1346,4,0,1,3
1347,2,4,0,1
1350,0,1,4,1
1351,4,0,1,3
1355,2,4,0,1
1358,2,4,0,1
1368,4,0,1,3
1369,0,1,4,1
1373,2,4,0,1
1374,2,4,0,1
1379,0,1,4,1
1383,2,4,0,1
1393,0,1,4,1
1396,1,2,3,0
1399,2,4,0,1
1402,2,4,0,1
1406,0,1,4,1
1408,2,4,0,1
1413,0,1,0,1
1414,0,1,4,1
1418,3,1,2,1
1421,2,4,0,1
1426,0,1,0,1
1427,4,0,1,3
1430,2,4,0,1
1432,2,4,0,1
1433,0,1,4,1
1434,2,4,0,1
1437,2,4,0,1
1444,4,0,1,3
1453,1,2,3,0
1454,2,4,0,1
1457,4,0,1,3
1458,4,0,1,3
1459,2,4,0,1
1463,4,0,1,-1
1470,0,1,4,1
1472,0,1,4,1
1479,0,1,4,1
1483,2,4,0,1
1486,0,1,4,1
1488,2,4,0,1
1491,0,1,4,1
1493,2,4,0,1
1494,0,1,0,1
1496,4,0,1,3
1498,1,2,3,0
1501,1,2,3,0
1506,2,4,0,1
1509,4,0,2,-1
1511,0,1,4,1
1512,0,1,4,1
1516,4,0,1,3
1523,0,1,0,1
1530,0,1,0,1
1533,0,1,4,1
1562,2,4,0,1
1566,2,4,0,1
1570,3,1,2,1
1572,4,0,1,-1
1576,1,2,3,0
1578,2,4,0,1
1579,4,0,1,3
1584,4,0,1,3
1586,0,3,4,-1
1592,0,1,0,1
1593,0,1,0,1
1594,2,4,0,1
1595,2,4,0,1
1597,4,0,1,3
1598,2,4,0,1
1602,0,1,4,1
1608,1,2,3,0
1612,2,4,0,1
1614,2,4,0,1
1616,2,4,0,1
1617,0,1,4,1
1621,1,2,3,0
1623,0,1,4,1
1624,2,4,0,1
1626,3,0,1,3
1634,2,4,0,1
1642,2,4,0,1
1643,0,1,4,1
1650,3,1,2,1
1655,2,1,0,1
1660,2,4,0,1
1662,2,4,0,1
1665,0,1,0,1
1669,3,1,2,1
1670,2,4,0,1
1671,0,1,0,1
1683,2,4,0,1
1688,2,4,0,1
1691,2,3,2,-1
1692,2,4,0,1
1697,1,2,3,0
1701,2,4,0,1
1703,3,1,2,1
1710,0,1,4,1
1713,2,4,0,1
1718,2,4,0,1
1720,2,4,0,1
1722,4,0,1,3
1728,0,1,4,1
1729,1,2,3,0
1730,2,4,0,1
1732,4,0,1,3
1739,0,1,4,1
1740,2,4,0,1
1743,4,0,1,3
1744,2,4,0,1
1745,2,4,0,1
1746,2,4,0,1
1747,0,1,4,1
1758,0,1,4,1
1766,2,4,0,1
1768,2,4,0,1
1769,0,0,4,-1
1775,1,2,3,0
1780,0,1,4,1
1783,3,1,2,1
1785,2,4,0,1
1786,4,0,1,3
1791,2,4,0,1
1793,4,0,1,3
1795,1,2,3,0
1803,4,3,1,-1
1805,3,1,2,1
1807,3,1,2,1
1825,0,1,4,1
1835,0,1,4,1
1839,1,2,3,0
1844,2,4,0,1
1845,4,0,1,3
1851,4,0,1,3
1862,2,4,0,1
1864,3,1,2,1
1883,0,1,0,1
1885,0,1,4,1
1889,1,2,3,0
1891,0,1,4,1
1896,1,2,3,0
1904,4,0,1,3
1905,0,1,4,1
1911,0,1,4,1
1923,0,1,4,1
1934,2,4,0,1
1935,4,0,1,3
1937,0,1,0,1
1941,2,4,0,1
1945,2,4,0,1
1950,1,2,3,0
1952,0,1,4,1
1953,0,1,4,1
1954,2,4,0,1
1955,2,0,1,3
1962,2,4,0,1
1964,0,1,4,1
1965,2,4,0,1
1971,4,0,1,3
1978,2,4,0,1
1981,2,4,0,1
1983,0,1,0,1
1984,0,1,4,1
1989,0,1,4,1
2002,2,4,0,1
2009,2,4,0,1
2012,4,0,1,3
2015,4,0,1,3
2019,2,4,0,1
2020,2,1,0,1
2021,2,0,1,3
2030,3,3,2,-1
2034,0,1,4,1
2036,0,1,4,1
2039,2,4,0,1
2046,1,4,0,1
2054,2,4,0,1
2055,2,4,0,1
2057,1,2,3,0
2069,0,1,4,1
2075,2,0,1,3
2085,4,0,1,3
2087,2,4,0,1
2088,2,4,0,1
2102,1,4,0,1
2108,2,4,0,1
2109,0,1,4,1
2119,2,4,0,1
2124,2,4,0,1
2127,2,4,0,1
2128,0,1,4,1
2133,0,1,4,1
2140,0,1,4,1
2142,1,2,3,0
2144,0,1,4,1
2145,2,1,0,1
2150,0,1,4,1
2154,2,4,0,1
2157,2,4,0,1
2167,0,1,4,1
2168,2,4,0,1
2174,0,1,4,1
2183,2,4,0,1
2184,3,1,2,1
2189,1,2,3,0
2191,2,1,0,1
2199,3,1,2,1
2201,3,0,2,3
2210,1,2,3,0
2214,4,0,1,3
2215,0,1,4,1
2216,4,0,2,3
2218,2,4,0,1
2221,3,3,2,-1
2227,4,0,2,3
2231,0,1,4,1
2232,2,4,0,1
2236,1,2,3,0
2238,4,0,1,3
2239,2,4,0,1
2245,2,0,1,3
2250,2,4,0,1
2252,2,4,0,1
2254,4,0,1,3
2260,4,0,1,3
2267,0,1,0,1
2270,3,1,2,1
2271,0,1,0,1
2288,3,1,2,1
2290,0,1,4,1
2301,4,0,1,-1
2303,0,1,0,1
2310,2,4,0,1
2312,4,0,1,3
2316,2,4,0,1
2318,0,1,4,1
2319,0,1,4,1
2325,1,2,3,0
2328,0,1,4,1
2333,1,2,3,0
2335,0,0,4,3
2337,0,1,4,1
2340,4,0,1,3
2342,0,1,4,1
2344,2,4,0,1
2348,4,0,1,3
2351,2,4,0,1
2357,3,1,2,1
2360,4,0,1,3
2366,3,3,2,-1
2372,2,4,0,1
2377,2,4,0,1
2380,3,3,2,-1
2388,0,1,4,1
2389,0,1,4,1
2390,0,1,4,1
2391,0,1,2,1
2392,2,4,0,1
2405,0,1,4,1
2406,4,0,1,3
2407,2,4,0,1
2412,2,4,0,1
2417,2,4,0,1
2420,1,2,3,0
2422,0,1,4,1
2425,2,4,0,1
2439,2,4,0,1
2442,2,4,0,1
2444,0,1,4,1
2447,2,4,0,1
2450,2,4,0,1
2452,0,1,0,1
2453,2,4,0,1
2455,2,4,0,1
2457,0,1,4,1
2459,0,1,4,1
2464,4,0,1,3
2465,0,1,4,1
2470,2,4,0,1
2471,3,3,2,-1
2473,4,0,1,3
2474,2,4,0,1
2483,0,1,4,1
2487,2,4,0,1
2492,1,4,0,1
2495,2,4,0,1
2498,2,4,0,1
2503,0,1,4,1
2507,0,1,4,1
2512,0,1,0,1
2516,4,0,1,3
2517,2,4,0,1
2519,2,4,0,1
2522,4,0,1,3
2527,2,4,0,1
2531,2,4,0,1
2534,2,4,0,1
2536,1,4,0,1
2540,1,2,3,0
2543,2,4,0,1
2554,1,2,3,0
2559,0,1,4,1
2564,0,0,4,-1
2576,2,4,0,1
2582,4,0,1,3
2585,2,4,0,1
2586,2,4,0,1
2588,2,4,0,1
2589,0,1,4,1
2596,2,4,0,1
2608,4,0,1,3
2609,2,4,0,1
2611,2,4,0,1
2613,2,4,0,1
2614,0,1,4,1
2615,1,2,3,0
2616,0,1,4,1
2619,1,2,3,0
2620,0,1,4,1
2625,0,1,4,1
2626,4,0,1,3
2627,0,1,4,1
2628,2,4,0,1
2629,2,4,0,1
2631,0,1,4,1
2633,4,0,1,3
2638,1,4,0,1
2651,2,4,0,1
2655,3,1,2,1
2664,0,1,4,1
2666,4,0,1,3
2673,0,1,4,1
2675,0,1,4,1
2676,1,2,3,0
2677,4,0,1,3
2678,2,1,0,1
2680,1,2,3,0
2684,2,4,0,1
2685,2,4,0,1
2688,1,2,3,0
2692,3,1,2,1
2698,2,4,0,1
2701,2,4,0,1
2709,2,4,0,1
2714,2,4,0,1
2715,2,4,0,1
2727,2,4,0,1
2732,0,1,4,1
2742,2,4,0,1
2751,1,2,3,0
2754,2,4,0,1
2755,0,1,4,1
2759,0,1,4,1
2760,0,1,0,1
2766,3,3,2,-1
2769,2,4,0,1
2771,4,0,1,3
2777,4,0,1,3
2788,2,4,0,1
2791,0,1,0,1
2798,2,3,0,-1
2802,3,1,2,1
2807,2,4,0,1
2813,4,0,1,3
2818,2,4,0,1
2820,1,2,3,0
2846,2,4,0,1
2848,2,4,0,1
2856,3,1,2,-1
2858,2,4,0,1
2859,0,1,4,1
2861,1,2,3,0
2864,2,4,0,1
2865,0,1,4,1
2873,2,4,0,1
2874,2,4,0,1
2876,0,1,4,1
2879,2,4,0,1
2882,2,4,0,1
2884,4,0,1,3
2889,0,1,0,1
2894,0,1,4,1
2901,0,1,4,1
2909,2,4,0,1
2910,2,4,0,1
2913,2,4,0,1
2919,0,1,0,1
2927,2,0,1,3
2928,1,2,3,0
2929,0,1,4,1
2932,4,0,1,3
2935,0,1,0,1
2943,2,4,0,1
2948,1,2,3,0
2952,2,1,0,1
2954,2,4,0,1
2955,2,4,0,1
2960,2,4,0,1
2963,2,4,0,1
2968,4,0,1,3
2973,2,0,1,-1
2974,4,0,1,3
2980,2,4,0,1
2981,2,4,0,1
2982,0,1,4,1
2984,4,0,1,3
2991,1,4,0,1
2992,4,0,1,-1
2993,0,1,4,1
2995,0,1,4,1
2996,4,0,1,3
2998,2,1,0,1
3000,4,0,1,3
3002,2,4,0,1
3006,3,1,2,1
3011,4,0,1,3
3013,2,4,0,1
3014,2,1,0,1
3016,3,1,2,1
3017,2,4,0,1
3021,4,0,1,3
3025,0,1,0,1
3026,2,4,0,1
3027,2,4,0,1
3033,0,1,4,1
3035,0,1,4,1
3037,0,1,4,1
3038,4,0,1,3
3043,2,4,0,1
3045,3,1,2,1
3048,1,2,3,0
3059,4,0,2,3
3060,2,4,0,1
3065,2,4,0,1
3068,0,1,4,1
3069,1,2,3,0
3070,0,1,4,1
3079,4,0,1,3
3082,2,4,0,1
3088,2,4,0,1
3090,1,4,0,1
3094,0,1,4,1
3098,0,1,0,1
3100,1,2,3,0
3101,2,4,0,1
3105,3,1,4,1
3107,2,4,0,1
3111,2,4,0,1
3115,2,4,0,1
3116,2,4,0,1
3118,0,1,4,1
3120,2,4,0,1
3126,2,4,0,1
3128,2,4,0,1
3130,0,1,4,1
3131,2,4,0,1
3132,2,4,0,1
3133,4,0,1,3
3139,0,1,4,1
3143,0,1,4,1
3146,0,1,4,1
3154,4,0,1,3
3160,3,1,2,1
3169,4,0,1,3
3181,1,2,3,0
3187,3,3,2,2
3193,4,0,2,3
3194,2,4,0,1
3206,0,1,4,1
3207,0,1,4,1
3208,2,4,0,1
3210,2,4,0,1
3219,0,1,2,1
3231,1,2,3,0
3233,0,1,0,1
3238,0,1,0,1
3244,4,0,1,3
3247,2,4,0,1
3254,4,0,1,3
3265,1,2,3,0
3272,1,2,3,0
3274,2,4,0,1
3279,2,4,0,1
3282,2,4,0,1
3286,0,1,4,1
3288,1,3,2,-1
3290,2,4,0,1
3295,2,4,0,1
3297,0,1,0,1
3305,2,4,0,1
3307,2,4,0,1
3312,2,4,0,1
3315,0,1,4,1
3316,0,1,0,1
3323,2,1,0,1
3325,2,4,0,1
3328,4,0,1,3
3334,0,1,4,1
3344,2,4,0,1
3349,2,4,0,1
3351,2,4,0,1
3352,2,4,0,1
3353,2,4,0,1
3366,2,4,0,1
3369,0,1,4,1
3378,2,0,1,3
3379,2,4,0,1
3386,2,4,0,1
3387,2,4,0,1
3393,2,0,1,3
3399,0,1,4,1
3404,2,4,0,1
3405,2,1,0,1
3411,4,0,1,3
3412,0,1,4,1
3413,0,1,4,1
3418,2,4,0,1
3421,2,4,0,1
3422,4,0,1,3
3425,0,1,0,1
3429,4,0,1,3
3433,2,4,0,1
3434,2,4,0,1
3437,2,1,0,1
3445,2,4,0,1
3448,0,1,4,1
3449,2,1,0,1
3455,2,4,0,1
3458,2,4,0,1
3461,2,4,0,1
3463,2,4,0,1
3467,0,1,0,1
3468,4,0,1,3
3469,2,4,0,1
3470,2,4,0,1
3473,1,2,3,0
3482,4,0,1,3
3485,1,2,3,0
3487,0,1,0,1
3488,0,1,4,1
3492,2,4,0,1
3495,0,1,4,1
3501,2,4,0,1
3508,2,4,0,1
3520,2,4,0,1
3522,1,2,3,0
3523,2,4,0,1
3524,0,1,4,1
3526,4,0,1,3
3528,2,1,0,1
3529,0,1,4,1
3532,2,4,0,1
3540,0,1,0,1
3544,0,1,4,1
3547,2,4,0,1
3550,2,4,0,1
3562,4,0,1,3
3573,2,1,0,1
3574,4,3,1,-1
3576,2,4,0,1
3578,0,1,4,1
3592,2,4,0,1
3595,1,2,3,0
3599,0,1,4,1
3601,0,1,0,1
3613,0,1,4,1
3614,2,4,0,1
3615,0,1,4,1
3616,2,4,0,1
3617,2,4,0,1
3621,2,1,0,1
3643,2,4,0,1
3646,4,0,1,3
3647,2,4,0,1
3649,1,2,3,0
3651,0,1,0,1
3656,2,4,0,1
3658,2,4,0,1
3660,2,4,0,1
3668,2,0,1,3
3669,3,3,1,-1
3671,2,4,0,1
3678,0,1,4,1
3679,2,4,0,1
3680,0,1,4,1
3684,0,1,4,1
3685,2,4,0,1
3688,2,1,0,1
3689,4,0,1,3
3692,0,3,0,-1
3693,1,4,0,1
3694,2,4,0,1
3698,2,4,0,1
3702,2,4,0,1
3703,0,1,2,1
3705,2,0,1,3
3706,0,1,4,1
3707,0,1,4,1
3708,0,1,4,1
3717,0,1,4,1
3721,1,2,3,0
3724,2,4,0,1
3742,2,4,0,1
3752,4,0,1,3
3753,2,4,0,1
3755,1,2,3,0
3772,4,0,1,3
3773,4,0,1,3
3776,2,4,0,1
3780,0,1,4,1
3781,4,0,1,3
3785,1,4,0,1
3790,3,1,2,1
3794,3,1,2,1
3798,2,4,0,1
3800,0,1,4,1
3817,4,0,1,3
3821,3,1,2,1
3822,4,0,1,3
3827,2,4,0,1
3833,2,4,0,1
3838,2,4,0,1
3842,2,1,0,1
3846,4,0,1,3
3851,1,4,0,1
3852,0,1,4,1
3853,4,0,1,3
3855,4,0,1,3
3857,4,0,1,3
3858,2,4,0,1
3859,2,4,0,1
3860,2,4,0,1
3873,2,4,0,1
3881,2,4,0,1
3883,2,4,0,1
3886,2,4,0,1
3887,2,4,0,1
3889,4,0,1,3
3891,1,2,3,0
3894,2,4,0,1
3896,0,1,4,1
3898,0,1,4,1
3909,1,2,3,0
3914,3,3,2,-1
3919,0,1,0,1
3928,2,4,0,1
3938,0,1,2,1
3941,2,4,0,1
3946,4,0,1,3
3948,1,2,3,0
3955,4,0,1,3
3958,2,4,0,1
3963,4,0,1,-1
3989,2,4,0,1
3991,0,1,4,1
3994,2,4,0,1
3995,4,0,1,3
3997,0,1,4,1
4003,2,4,0,1
4004,0,0,4,3
4007,0,1,4,1
4010,2,0,2,-1
4015,2,4,0,1
4023,0,1,4,1
4028,2,4,0,1
4030,4,0,1,3
4031,0,1,0,1
4035,0,1,4,1
4043,2,1,0,1
4046,4,0,1,3
4047,2,4,0,1
4048,2,4,0,1
4060,0,1,4,1
4064,2,4,0,1
4075,4,0,1,3
4081,0,1,4,1
4083,0,1,4,1
4084,3,1,2,1
4089,0,1,0,1
4091,2,4,0,1
4092,2,4,0,1
4093,3,1,2,1
4094,1,3,2,-1
4096,2,4,0,1
4097,2,4,0,1
4099,2,1,0,1
4100,0,1,0,1
4104,3,1,2,1
4105,3,3,2,-1
4110,2,4,0,1
4118,0,1,4,1
4119,4,0,1,3
4122,2,4,0,1
4127,2,4,0,1
4128,2,4,0,1
4129,0,1,4,1
4132,3,1,2,1
4139,2,4,0,1
4147,2,4,0,1
4148,2,0,1,3
4149,3,1,2,1
4162,0,1,4,1
4165,0,1,4,1
4170,1,2,3,0
4184,0,1,4,1
4190,0,1,0,1
4191,0,1,4,1
4193,4,0,1,3
4194,0,1,4,1
4201,2,0,1,3
4202,2,4,0,1
4205,2,4,0,1
4209,0,1,4,1
4217,2,4,0,1
4219,2,4,0,1
4220,0,1,4,1
4226,4,0,1,3
4233,2,4,0,1
4237,2,4,0,1
4238,2,4,0,1
4245,4,0,1,3
4246,3,1,2,1
4250,3,1,2,1
4257,0,1,4,1
4265,2,4,0,1
4269,4,0,1,3
4281,3,1,2,1
4288,1,4,0,1
4291,1,4,0,1
4292,2,4,0,1
4295,4,0,1,3
4299,0,1,4,1
4301,4,0,1,3
4303,2,4,0,1
4308,2,4,0,1
4313,2,1,0,1
4315,2,4,0,1
4317,0,1,4,1
4328,1,2,3,0
4329,0,1,4,1
4333,0,1,4,1
4335,2,4,0,1
4336,3,1,2,1
4338,2,4,0,1
4342,2,4,0,1
4344,2,4,0,1
4351,2,4,0,1
4352,0,1,4,1
4353,4,0,1,3
4359,4,0,1,3
4365,1,2,3,0
4367,2,4,0,1
4374,1,2,3,0
4375,0,1,4,1
4381,4,0,1,3
4382,2,4,0,1
4385,2,4,0,1
4387,2,4,0,1
4392,2,4,0,1
4393,0,1,4,1
4394,3,3,2,-1
4395,2,4,0,1
4398,0,1,4,1
4404,0,1,4,1
4407,2,4,0,1
4410,2,4,0,1
4411,4,0,1,3
4412,0,1,4,1
4414,2,4,0,1
4417,3,1,2,1
4418,2,4,0,1
4438,3,1,2,1
4439,0,1,4,1
4442,0,1,0,1
4448,2,4,0,1
4449,0,0,4,3
4450,4,3,1,-1
4457,1,2,3,0
4459,2,4,0,1
4463,1,2,3,0
4467,0,1,0,1
4475,2,4,0,1
4477,2,4,0,1
4484,3,3,2,-1
4489,1,2,3,0
4498,2,4,0,1
4502,0,1,4,1
4504,0,1,0,1
4508,0,1,0,1
4509,4,0,1,-1
4515,0,0,4,-1
4519,2,4,0,1
4520,4,0,1,3
4525,1,2,3,0
4526,2,4,0,1
4533,2,4,0,1
4536,0,1,4,1
4549,0,0,4,3
4562,2,4,0,1
4580,4,0,1,3
4584,2,4,0,1
4600,2,4,0,1
4602,2,4,0,1
4605,2,4,0,1
4606,0,1,4,1
4607,1,2,3,0
4608,0,1,4,1
4609,0,1,4,1
4610,2,4,0,1
4614,2,4,0,1
4617,2,4,0,1
4622,0,1,4,1
4634,2,4,0,1
4635,2,4,0,1
4639,2,4,0,1
4640,1,4,0,1
4641,0,1,4,1
4643,0,1,4,1
4649,0,1,4,1
4655,4,0,1,3
4663,3,1,2,1
4671,0,1,4,1
4674,0,1,4,1
4676,2,4,0,1
4679,0,1,4,1
4682,0,1,4,1
4684,2,4,0,1
4691,2,4,0,1
4693,0,0,4,3
4698,0,0,4,3
4700,4,0,1,3
4702,4,0,1,3
4705,2,4,0,1
4706,2,4,0,1
4708,3,1,2,1
4710,0,0,4,3
4714,4,0,1,3
4716,0,1,4,1
4718,2,4,0,1
4720,2,4,0,1
4724,3,3,2,-1
4730,2,4,0,1
4731,2,4,0,1
4738,2,4,0,1
4742,0,1,4,1
4743,2,4,0,1
4747,2,4,0,1
4754,0,1,0,1
4764,2,4,0,1
4766,2,1,0,1
4767,2,1,0,1
4768,2,4,0,1
4770,0,1,4,1
4772,2,4,0,1
4773,2,4,0,1
4783,2,4,0,1
4785,2,4,0,1
4786,0,1,4,1
4789,2,0,1,3
4791,0,1,4,1
4792,2,4,0,1
4793,0,1,4,1
4802,0,1,4,1
4807,0,1,4,1
4816,4,0,1,3
4826,4,0,1,-1
4829,2,4,0,1
4830,2,4,0,1
4832,3,0,2,3
4833,0,1,4,1
4838,2,4,0,1
4842,2,4,0,1
4843,2,4,0,1
4844,0,1,4,1
4845,0,1,4,1
4847,1,2,3,0
4850,4,0,2,3
4851,0,1,0,1
4862,1,2,3,0
4863,2,4,0,1
4864,2,4,0,1
4867,4,0,1,3
4868,2,4,0,1
4870,3,0,2,-1
4874,0,1,4,1
4879,3,1,2,1
4880,0,1,4,1
4884,3,3,2,-1
4885,2,4,0,1
4889,4,0,1,3
4896,1,2,3,0
4898,2,4,0,1
4901,0,0,4,3
4902,4,0,1,3
4907,0,1,4,1
4913,1,2,3,0
4914,2,4,0,1
4918,0,1,4,1
4923,0,1,4,1
4934,2,4,0,1
4948,2,4,0,1
4949,4,0,1,3
4950,4,0,1,3
4952,3,3,2,-1
4953,4,0,1,3
4954,1,2,3,0
4959,2,4,0,1
4972,2,4,0,1
4974,4,0,1,3
4975,4,0,1,3
4978,1,4,0,1
4982,2,4,0,1
4983,2,4,0,1
4999,2,4,0,1
5006,3,1,2,1
5008,0,1,4,1
5013,4,0,1,3
5015,1,2,3,0
5019,3,1,2,1
5020,2,1,0,1
5024,4,0,1,3
5026,1,4,0,1
5028,0,1,4,1
5030,0,1,4,1
5032,2,4,0,1
5034,0,1,0,1
5044,0,1,0,1
5049,2,4,0,1
5050,0,1,4,1
5053,2,4,0,1
5062,2,4,0,1
5065,2,4,0,1
5070,2,4,0,1
5071,3,1,2,1
5076,0,1,4,1
5082,4,0,1,3
5087,2,0,1,3
5090,0,1,4,1
5095,1,2,3,0
5098,2,4,0,1
5100,4,0,1,3
5106,2,4,0,1
5111,0,1,4,1
5113,2,4,0,1
5114,0,1,4,1
5117,2,4,0,1
5118,1,2,3,0
5120,2,4,0,1
5123,0,1,4,1
5125,2,4,0,1
5128,0,1,4,1
5138,1,2,3,0
5140,4,0,1,3
5144,0,1,4,1
5147,1,2,3,0
5151,3,3,2,-1
5165,2,4,0,1
5168,2,4,0,1
5173,0,1,4,1
5174,0,1,4,1
5176,2,4,0,1
5195,4,0,1,3
5196,2,1,0,1
5210,2,4,0,1
5218,0,1,2,1
5219,0,1,0,1
5221,2,0,1,3
5225,3,1,2,1
5226,0,1,4,1
5227,2,4,0,1
5228,2,4,0,1
5235,0,1,4,1
5236,2,0,1,3
5239,4,0,1,3
5245,2,4,0,1
5250,4,0,1,3
5257,2,4,0,1
5261,4,0,1,3
5264,1,2,3,0
5267,4,0,1,3
5268,2,4,0,1
5270,1,2,3,0
5272,3,0,1,3
5277,0,1,4,1
5279,1,2,3,0
5281,0,1,4,1
5282,1,4,0,1
5284,2,4,0,1
5286,1,2,3,0
5288,2,4,0,1
5289,0,1,4,1
5294,2,4,0,1
5297,0,1,4,1
5303,2,4,0,1
5304,2,4,0,1
5312,0,1,4,1
5317,2,4,0,1
5321,0,1,4,1
5324,0,0,4,3
5328,2,4,0,1
5331,2,4,0,1
5332,2,4,0,1
5340,2,4,0,1
5344,3,1,2,1
5349,2,4,0,1
5350,2,4,0,1
5353,0,1,0,1
5359,4,0,1,3
5360,0,1,4,1
5361,2,4,0,1
5362,4,0,1,3
5363,2,4,0,1
5364,3,1,2,1
5367,0,1,4,1
5369,4,0,1,3
5372,1,2,3,0
5376,2,4,0,1
5377,1,2,3,0
5380,2,4,0,1
5381,4,0,1,3
5382,2,4,0,1
5384,2,4,0,1
5385,2,1,0,1
5386,2,4,0,1
5389,2,1,0,1
5391,2,4,0,1
5397,4,0,1,3
5399,0,1,4,1
5403,2,4,0,1
5405,2,4,0,1
5411,2,4,0,1
5412,2,4,0,1
5414,2,4,0,1
5419,4,0,1,3
5431,2,4,0,1
5434,4,0,1,3
5440,4,0,1,3
5441,0,1,0,1
5444,3,1,2,1
5453,4,0,1,3
5459,2,4,0,1
5460,0,1,4,1
5461,0,1,4,1
5466,2,4,0,1
5467,0,1,4,1
5470,0,1,4,1
5473,0,1,4,1
5478,0,1,4,1
5493,0,1,4,1
5494,2,4,0,1
5496,2,4,0,1
5497,4,0,1,3
5499,0,1,4,1
5501,2,4,0,1
5502,2,4,0,1
5504,1,2,3,0
5508,0,1,4,1
5513,0,1,4,1
5514,0,1,0,1
5517,4,0,1,3
5519,0,1,4,1
5524,2,4,0,1
5527,0,1,4,1
5528,2,1,0,1
5533,3,1,2,1
5537,3,3,2,-1
5538,2,1,0,1
5544,2,4,0,1
5549,2,4,0,1
5553,2,4,0,1
5556,0,1,4,1
5562,2,4,0,1
5563,0,1,4,1
5572,0,1,4,1
5576,2,4,0,1
5579,3,1,2,1
5589,2,4,0,1
5601,1,2,3,0
5608,0,1,4,1
5610,3,1,2,1
5611,2,4,0,1
5612,2,4,0,1
5620,0,1,4,1
5627,0,1,4,1
5629,0,1,4,1
5632,0,1,4,1
5635,0,1,4,1
5641,2,4,0,1
5651,0,1,0,1
5652,3,1,2,1
5654,3,3,2,-1
5657,1,2,3,0
5664,2,4,0,1
5665,0,1,4,1
5676,2,1,0,1
5682,0,1,0,1
5683,0,1,4,1
5684,3,3,2,-1
5687,0,1,0,1
5688,0,1,4,1
5689,4,0,1,3
5692,2,4,0,1
5697,0,1,4,1
5700,4,0,1,3
5701,2,4,0,1
5702,3,3,2,-1
5703,4,0,1,3
5706,0,1,4,1
5709,0,0,4,3
5712,4,0,1,3
5716,3,1,2,1
5719,0,1,4,1
5720,2,4,0,1
5721,2,4,0,1
5727,3,3,2,1
5728,0,1,4,1
5733,3,1,2,1
5735,3,1,2,1
5743,2,4,0,1
5746,3,1,2,1
5747,3,3,2,-1
5751,0,0,1,3
5756,4,0,2,3
5767,0,1,4,1
5768,0,1,0,1
5769,4,0,1,3
5771,2,4,0,1
5773,0,1,4,1
5778,0,1,4,1
5781,3,1,2,1
5785,2,4,0,1
5790,4,0,1,3
5792,0,1,0,1
5800,3,3,2,2
5803,4,0,1,-1
5804,2,4,0,1
5805,0,1,4,1
5812,0,1,4,1
5814,2,4,0,1
5817,0,1,4,1
5820,3,1,2,1
5821,2,4,0,1
5822,2,4,0,1
5828,0,1,4,1
5829,0,1,4,1
5835,0,1,0,1
5836,4,0,1,3
5837,3,3,2,1
5838,0,1,4,1
5843,0,1,4,1
5848,0,1,4,1
5851,2,4,0,1
5852,2,4,0,1
5853,0,1,0,1
5858,2,4,0,1
5859,1,2,3,0
5865,2,4,0,1
5875,4,0,1,3
5880,2,4,0,1
5890,0,1,4,1
5893,0,1,4,1
5894,2,4,0,1
5896,2,4,0,1
5899,0,1,4,1
5900,4,0,1,3
5912,3,3,2,-1
5914,0,1,4,1
5924,1,4,0,1
5928,4,0,1,3
5935,4,0,1,3
5937,0,1,4,1
5938,4,0,1,3
5940,0,1,2,1
5945,2,4,0,1
5958,2,4,0,1
5961,4,0,1,3
5963,0,1,4,1
5964,2,4,0,1
5970,3,3,2,-1
5972,0,1,4,1
5980,0,1,4,1
5981,4,0,1,3
5994,0,1,4,1
6001,0,1,0,1
6029,0,1,2,1
6032,2,4,0,1
6037,2,4,0,1
6041,3,1,2,1
6044,2,4,0,1
6051,0,1,4,1
6057,2,4,0,1
6067,3,1,2,1
6069,0,1,4,1
6071,0,1,4,1
6072,4,0,1,3
6076,0,1,4,1
6077,2,4,0,1
6081,0,1,0,1
6083,0,1,4,1
6088,1,4,0,1
6096,4,0,1,3
6098,2,4,0,1
6101,0,1,0,1
6104,0,1,4,1
6105,0,1,4,1
6108,0,1,4,1
6109,0,1,4,1
6110,4,0,1,3
6114,2,4,0,1
6117,0,1,4,1
6119,3,3,2,-1
6125,0,1,2,1
6127,4,0,1,3
6130,1,2,3,0
6137,0,1,0,1
6145,0,0,4,3
6147,1,2,3,0
6148,0,1,4,1
6149,0,1,4,1
6157,3,1,2,1
6158,0,1,4,1
6159,4,0,1,3
6161,0,1,4,1
6162,4,0,1,3
6175,4,0,1,3
6176,3,1,2,1
6177,2,4,0,1
6178,0,1,4,1
6179,4,0,1,3
6180,2,4,0,1
6182,4,0,1,3
6187,0,1,4,1
6189,1,2,3,0
6194,0,1,4,1
6206,0,1,4,1
6210,2,4,0,1
6211,2,4,0,1
6214,3,1,2,1
6220,3,1,2,1
6223,0,1,4,1
6234,3,3,1,-1
6245,0,1,0,1
6247,0,1,4,1
6252,3,3,2,-1
6253,4,0,2,3
6255,2,1,4,1
6259,2,1,0,1
6271,0,1,4,1
6277,4,0,1,3
6290,3,3,2,4
6291,1,4,0,1
6300,0,1,4,1
6301,0,1,4,1
6302,4,0,1,-1
6306,0,1,4,1
6307,2,4,0,1
6310,3,1,2,1
6311,4,0,1,3
6321,2,4,0,1
6325,0,1,4,1
6326,0,1,4,1
6330,0,1,4,1
6334,2,4,0,1
6339,0,1,0,1
6345,2,4,0,1
6348,0,1,4,1
6351,0,1,4,1
6357,2,4,0,1
6372,2,0,1,-1
6373,2,1,0,1
6375,1,2,3,0
6377,2,4,0,1
6383,4,0,1,-1
6384,4,0,1,3
6385,3,1,2,1
6387,0,1,4,1
6388,3,1,2,1
6392,2,4,0,1
6399,2,4,0,1
6407,0,1,4,1
6408,0,1,4,1
6421,4,0,1,3
6425,0,1,4,1
6427,2,4,0,1
6434,2,4,0,1
6438,0,1,4,1
6440,2,4,0,1
6442,2,4,0,1
6452,0,1,4,1
6455,0,1,4,1
6462,4,0,1,3
6464,4,0,1,3
6466,0,1,4,1
6473,4,0,1,3
6475,1,4,0,1
6482,0,1,4,1
6486,0,1,4,1
6487,4,0,1,3
6492,2,4,0,1
6495,0,1,4,1
6496,2,4,0,1
6497,0,1,0,1
6503,2,4,0,1
6505,2,4,0,1
6517,0,1,4,1
6520,3,3,2,-1
6521,0,1,4,1
6529,3,1,2,1
6535,3,1,2,1
6536,0,0,4,3
6545,0,1,4,1
6560,2,4,0,1
6561,0,1,4,1
6562,3,1,2,1
6567,4,0,1,3
6572,0,1,4,1
6577,1,2,3,0
6592,0,1,4,1
6594,2,4,0,1
6596,0,1,4,1
6597,2,1,0,1
6601,4,0,1,-1
6606,2,4,0,1
6613,0,1,4,1
6618,4,3,2,-1
6620,2,4,0,1
6624,2,4,0,1
6625,0,1,4,1
6627,0,0,4,3
6634,2,4,0,1
6641,4,0,1,3
6647,4,0,2,3
6648,2,4,0,1
6650,0,1,4,1
6654,0,1,4,1
6657,2,0,1,3
6658,0,1,4,1
6662,2,4,0,1
6663,0,1,4,1
6664,0,1,4,1
6669,1,2,3,0
6670,0,1,4,1
6678,3,0,1,3
6681,4,0,1,3
6690,1,2,3,0
6698,2,0,1,3
6699,3,1,2,1
6702,2,4,0,1
6705,2,4,0,1
6714,4,0,1,3
6717,2,4,0,1
6724,0,1,4,1
6728,4,0,1,3
6730,3,3,2,-1
6735,2,4,0,1
6740,0,1,4,1
6752,0,1,4,1
6753,0,1,4,1
6755,1,2,3,0
6756,4,0,1,3
6757,4,0,1,-1
6758,1,2,3,0
6759,0,1,0,1
6765,3,1,2,1
6772,3,1,2,1
6784,1,4,0,1
6786,0,1,4,1
6790,0,1,0,1
6794,4,0,1,3
6798,4,0,1,3
6800,0,1,4,1
6802,3,1,4,1
6817,4,0,1,3
6822,3,3,2,-1
6824,4,0,1,3
6825,4,0,1,3
6826,0,1,0,1
6827,2,4,0,1
6829,0,1,0,1
6830,1,2,3,0
6832,2,4,0,1
6835,0,1,0,1
6836,4,0,1,3
6839,2,4,0,1
6843,0,1,4,1
6844,3,1,2,1
6850,3,1,2,1
6853,2,4,0,1
6856,1,2,3,0
6861,0,1,4,1
6872,0,1,4,1
6875,0,1,0,1
6877,3,1,2,1
6880,2,1,0,1
6885,4,0,1,3
6887,2,1,4,1
6889,0,1,4,1
6897,3,1,2,1
6899,4,0,1,3
6902,0,1,4,1
6903,2,1,0,1
6909,3,3,2,-1
6911,3,1,2,1
6916,2,4,0,1
6920,2,4,0,1
6921,4,0,1,3
6927,0,1,4,1
6929,1,2,3,0
6934,4,0,1,3
6935,3,3,2,4
6947,2,4,0,1
6948,4,0,1,3
6958,4,0,2,3
6959,0,1,4,1
6962,3,3,2,-1
6964,4,0,1,3
6965,3,1,2,1
6973,2,1,0,1
6984,3,1,2,1
6991,3,1,2,1
6994,1,2,3,0
7008,2,4,0,1
7012,2,4,0,1
7019,2,4,0,1
7021,2,4,0,1
7028,2,1,4,-1
7033,3,1,2,1
7040,3,1,2,1
7046,2,4,0,1
7053,0,0,4,-1
7054,4,0,1,3
7058,0,1,4,1
7060,2,4,0,1
7061,0,1,4,1
7063,0,1,4,1
7066,0,1,4,1
7067,0,1,4,1
7068,0,1,4,1
7077,2,4,0,1
7078,2,4,0,1
7080,0,1,4,1
7085,2,4,0,1
7091,4,0,1,3
7092,0,1,4,1
7093,4,0,1,3
7105,2,4,0,1
7110,3,3,2,-1
7111,2,4,0,1
7116,2,4,0,1
7127,0,1,2,1
7134,4,0,1,3
7139,0,1,0,1
7144,3,3,2,-1
7145,0,0,1,3
7149,0,1,4,1
7153,3,1,2,1
7168,4,0,1,3
7169,0,1,4,1
7171,2,4,0,1
7172,0,1,4,1
7180,2,4,0,1
7181,4,0,1,3
7191,2,4,0,1
7194,0,1,4,1
7195,0,1,4,1
7200,0,1,4,1
7202,0,1,4,1
7204,0,1,4,1
7205,2,0,1,3
7209,4,0,1,-1
7210,1,2,3,0
7217,2,4,0,1
7220,0,1,0,1
7223,3,1,2,1
7233,0,1,2,1
7238,2,4,0,1
7244,3,3,2,-1
7247,4,0,1,3
7249,0,1,4,1
7251,3,1,2,1
7252,0,1,4,1
7257,0,1,0,1
7258,3,0,1,3
7268,0,1,4,1
7276,1,2,3,0
7281,4,0,1,3
7290,4,0,1,3
7292,4,0,1,3
7293,3,1,2,1
7297,2,4,0,1
7301,0,1,4,1
7305,0,1,4,1
7307,4,0,1,3
7309,4,0,1,3
7317,2,4,0,1
7333,2,4,0,1
7336,2,1,0,1
7338,0,1,4,1
7349,4,0,1,3
7359,0,1,0,1
7362,4,0,1,3
7363,4,0,1,3
7367,2,4,0,1
7369,0,1,0,1
7370,4,0,1,3
7372,3,1,2,1
7375,0,1,4,1
7376,0,1,4,1
7377,4,0,1,3
7381,3,1,2,1
7384,4,0,1,3
7387,4,0,1,3
7388,0,1,4,1
7393,4,0,1,3
7401,2,4,0,1
7402,4,0,2,3
7410,4,0,1,3
7412,0,1,4,1
7416,3,1,2,1
7417,0,1,4,1
7428,0,1,0,1
7444,1,2,3,0
7447,3,1,2,1
7448,3,1,2,1
7450,2,4,0,1
7454,0,1,4,1
7456,2,1,0,1
7457,0,1,4,1
7459,3,1,2,1
7463,1,2,3,0
7467,0,1,4,1
7472,3,3,2,-1
7478,3,3,2,-1
7481,1,2,3,0
7488,0,1,0,1
7505,3,1,2,1
7506,0,1,4,1
7508,3,3,2,-1
7510,3,1,2,1
7512,2,4,0,1
7515,3,1,2,1
7516,2,4,0,1
7518,0,1,4,1
7524,0,1,0,1
7528,3,1,4,1
7530,2,4,0,1
7534,2,1,4,1
7535,0,1,4,1
7536,2,4,0,1
7541,0,1,4,1
7551,4,0,2,-1
7556,0,0,4,3
7581,0,1,2,1
7585,0,1,0,1
7586,2,4,0,1
7591,2,4,0,1
7592,0,1,0,1
7596,3,1,2,1
7598,4,0,2,3
7602,1,2,3,0
7603,4,0,1,3
7606,0,1,4,1
7613,0,1,4,1
7614,0,1,4,1
7615,0,1,4,1
7621,4,0,1,3
7623,0,1,4,1
7633,4,0,1,-1
7636,2,4,0,1
7640,0,1,4,1
7646,0,1,4,1
7649,0,1,4,1
7656,2,4,0,1
7663,0,1,4,1
7666,4,0,1,3
7669,4,0,1,3
7672,3,1,2,1
7676,3,1,2,1
7680,0,1,4,1
7682,2,4,0,1
7685,2,4,0,1
7698,3,1,2,1
7712,2,4,0,1
7713,3,1,2,1
7724,0,1,4,1
7726,0,1,0,1
7727,3,1,2,1
7728,4,0,1,3
7729,3,1,2,1
7747,3,3,2,-1
7754,2,4,0,1
7757,3,1,2,1
7759,0,1,0,1
7762,0,1,4,1
7769,0,1,4,1
7770,0,1,4,1
7771,1,2,3,0
7774,3,1,2,1
7784,0,1,4,1
7793,0,1,4,1
7796,0,1,4,1
7798,4,0,1,3
7802,3,1,4,-1
7803,3,3,2,-1
7811,4,0,1,3
7814,0,1,4,1
7819,4,0,2,-1
7824,0,1,4,1
7826,1,2,3,0
7836,0,1,4,1
7837,2,4,0,1
7839,2,1,4,1
7844,2,4,0,1
7847,1,2,3,0
7852,4,0,1,3
7861,0,1,4,1
7864,4,0,1,3
7877,3,1,2,1
7881,2,1,4,1
7883,0,1,4,1
7889,3,3,2,-1
7894,0,1,4,1
7895,3,1,2,1
7900,4,0,1,3
7907,2,4,0,1
7910,0,1,4,1
7912,2,4,0,1
7914,0,1,4,1
7920,3,1,2,1
7928,1,2,3,0
7931,2,4,0,1
7932,0,1,4,1
7936,0,1,0,1
7940,0,1,4,1
7945,2,4,0,1
7946,0,1,4,1
7959,0,1,4,1
7962,2,4,0,1
7963,0,1,4,1
7965,4,0,2,-1
7968,0,1,4,1
7971,0,1,4,1
7972,2,4,0,1
7983,4,0,1,-1
7985,2,4,0,1
7998,0,1,4,1
8000,2,4,0,1
8005,2,4,0,1
8009,4,0,1,3
8011,1,2,3,0
8012,2,1,0,1
8014,2,4,0,1
8015,2,1,0,1
8023,2,1,0,1
8027,4,0,1,3
8029,2,4,0,1
8040,4,0,1,3
8045,3,1,2,1
8048,2,4,0,1
8063,2,4,0,1
8064,1,2,3,0
8066,4,0,1,3
8067,2,4,0,1
8072,2,4,0,1
8083,2,4,0,1
8092,0,0,4,3
8093,4,0,1,3
8098,0,1,4,1
8102,0,1,4,1
8104,2,4,0,1
8107,0,1,0,1
8113,0,1,0,1
8117,4,0,1,3
8118,0,1,0,1
8121,2,4,0,1
8127,4,0,1,3
8128,3,1,2,1
8131,0,1,4,1
8134,4,0,1,3
8136,0,1,4,1
8142,4,0,1,3
8144,0,1,4,1
8156,2,4,0,1
8159,0,1,4,1
8161,0,1,4,1
8165,2,4,0,1
8166,1,2,3,0
8170,2,4,0,1
8171,2,4,0,1
8180,2,4,0,1
8191,0,1,4,1
8204,0,1,4,1
8209,2,4,0,1
8215,2,4,0,1
8217,0,1,4,1
8218,0,1,0,1
8222,2,4,0,1
8223,4,0,1,3
8225,0,1,4,1
8229,0,1,4,1
8231,2,0,1,3
8233,0,1,4,1
8235,3,1,2,1
8236,2,4,0,1
8239,2,4,0,1
8253,0,1,4,1
8254,0,1,4,1
8257,2,4,0,1
8260,4,0,1,3
8265,2,4,0,1
8268,2,4,0,1
8278,0,1,4,1
8281,4,0,1,3
8284,4,0,1,3
8288,2,4,0,1
8295,2,4,0,1
8297,0,1,4,1
8301,4,0,1,3
8302,0,1,4,1
8305,2,4,0,1
8309,0,1,2,1
8316,1,2,3,0
8327,0,1,4,1
8328,3,1,2,1
8336,0,1,4,1
8337,4,0,1,3
8346,0,1,4,1
8348,2,4,0,1
8354,0,1,4,1
8355,2,0,1,3
8358,0,1,4,1
8359,2,4,0,1
8366,0,1,4,1
8368,3,1,2,-1
8369,2,4,0,1
8374,4,0,1,3
8375,4,0,1,3
8383,0,1,4,1
8387,2,4,0,1
8395,2,4,0,1
8397,4,0,1,3
8398,0,1,4,1
8400,2,4,0,1
8406,4,0,1,3
8412,0,1,4,1
8414,2,4,0,1
8416,0,1,4,1
8417,4,0,1,3
8420,2,4,0,1
8421,0,1,0,1
8422,2,4,0,1
8424,2,4,0,1
8426,2,4,0,1
8437,2,4,0,1
8440,2,4,0,1
8441,2,4,0,1
8443,2,4,0,1
8444,3,1,2,1
8447,4,0,1,3
8455,3,1,2,1
8466,0,1,4,1
8468,2,0,1,3
8469,2,4,0,1
8471,2,4,0,1
8473,2,4,0,1
8480,0,1,0,1
8483,2,4,0,1
8485,4,0,1,3
8486,0,1,4,1
8504,0,1,4,1
8507,3,1,2,1
8511,0,1,4,1
8515,0,1,4,1
8516,4,0,1,3
8521,4,0,1,3
8524,2,4,0,1
8525,2,0,1,3
8528,2,4,0,1
8531,1,2,3,0
8532,0,1,0,1
8536,1,2,3,0
8539,0,1,0,1
8540,0,1,4,1
8541,3,3,2,-1
8545,2,4,0,1
8550,0,1,4,1
8552,2,4,0,1
8559,4,0,1,3
8563,4,0,1,3
8570,0,1,4,1
8572,2,4,0,1
8582,0,1,4,1
8587,4,0,1,3
8589,2,4,0,1
8596,4,0,1,3
8598,2,4,0,1
8602,4,0,1,3
8603,2,4,0,1
8608,4,0,1,3
8612,0,1,4,1
8614,3,1,2,1
8615,2,4,0,1
8624,2,4,0,1
8625,4,0,1,3
8626,2,4,0,1
8630,4,0,1,3
8637,0,1,4,1
8644,0,1,4,1
8651,1,2,3,0
8657,2,4,0,1
8668,1,2,3,0
8671,2,4,0,1
8674,2,4,0,1
8675,2,4,0,1
8679,2,4,0,1
8695,0,1,0,1
8701,4,0,1,3
8703,2,0,1,3
8704,2,4,0,1
8710,2,4,0,1
8713,2,4,0,1
8715,2,4,0,1
8720,2,4,0,1
8721,0,1,4,1
8723,4,0,1,3
8724,2,4,0,1
8725,4,0,1,-1
8730,2,4,0,1
8731,2,4,0,1
8732,1,2,3,0
8739,0,1,4,1
8741,0,1,4,1
8745,2,4,0,1
8746,2,4,0,1
8748,2,4,0,1
8753,2,4,0,1
8757,3,1,2,1
8762,2,4,0,1
8763,4,0,1,3
8764,4,0,1,3
8778,0,1,4,1
8784,4,0,1,-1
8786,2,4,0,1
8790,1,2,3,0
8796,2,4,0,1
8797,0,1,2,1
8798,0,1,2,1
8802,4,0,1,3
8807,2,4,0,1
8813,2,4,0,1
8814,0,0,1,3
8816,4,0,1,3
8818,2,4,0,1
8821,2,4,0,1
8822,0,1,4,1
8827,3,3,2,-1
8833,4,0,1,3
8834,0,1,4,1
8842,3,1,2,-1
8844,2,4,0,1
8845,2,4,0,1
8846,4,0,1,-1
8855,0,1,4,1
8860,2,4,0,1
8862,2,4,0,1
8863,2,4,0,1
8866,0,1,4,1
8869,4,0,1,3
8870,4,0,1,3
8873,1,2,3,0
8874,4,0,1,3
8882,1,2,3,0
8885,4,0,1,3
8886,2,4,0,1
8887,2,4,0,1
8892,3,1,2,1
8893,0,1,0,1
8898,2,4,0,1
8899,4,0,1,3
8900,0,1,4,1
8908,0,1,4,1
8916,0,1,4,1
8918,2,4,0,1
8934,2,4,0,1
8936,2,4,0,1
8943,1,2,3,0
8949,2,4,0,1
8950,2,4,0,1
8968,2,4,0,1
8969,4,0,1,3
8971,1,2,3,0
8972,4,0,1,3
8982,2,4,0,1
8990,2,1,0,1
8991,2,4,0,1
8994,2,4,0,1
8999,0,0,4,3
9010,2,4,0,1
9024,2,4,0,1
9027,0,1,4,1
9035,4,0,1,3
9037,0,1,4,1
9044,4,0,1,3
9045,0,1,4,1
9053,2,4,0,1
9055,2,4,0,1
9056,4,0,1,3
9060,1,2,3,0
9061,0,1,0,1
9069,4,0,1,3
9073,3,1,2,1
9082,4,0,1,3
9083,2,4,0,1
9085,2,4,0,1
9089,0,1,0,1
9090,3,1,2,1
9096,0,0,4,3
9099,0,1,4,1
9100,2,4,0,1
9102,4,0,1,3
9115,0,1,4,1
9118,2,0,1,3
9123,2,0,1,3
9125,0,1,4,1
9129,1,4,0,1
9133,2,4,0,1
9136,2,4,0,1
9137,0,1,0,1
9142,3,1,2,1
9143,2,4,0,1
9148,2,4,0,1
9152,0,1,0,1
9164,4,0,1,3
9165,0,1,0,1
9169,2,4,0,1
9171,2,4,0,1
9173,3,1,2,1
9176,2,4,0,1
9195,4,0,1,3
9205,2,4,0,1
9214,0,1,4,1
9221,2,4,0,1
9222,2,4,0,1
9225,0,1,4,1
9229,4,0,1,3
9230,2,4,0,1
9238,4,0,1,-1
9240,2,4,0,1
9241,2,4,0,1
9242,4,0,1,3
9246,2,4,0,1
9249,4,0,1,3
9255,2,4,0,1
9257,3,0,1,3
9264,4,0,1,3
9267,0,0,4,3
9271,3,1,2,1
9280,0,1,4,1
9282,2,4,0,1
9288,2,4,0,1
9290,2,4,0,1
9293,4,0,1,3
9294,0,1,4,1
9295,1,2,3,0
9297,0,1,4,1
9298,4,0,1,3
9306,1,2,3,0
9317,2,4,0,1
9321,2,4,0,1
9330,4,0,1,3
9343,2,4,0,1
9351,0,1,4,1
9355,4,0,1,3
9359,2,4,0,1
9363,2,4,0,1
9364,0,0,4,3
9365,1,2,3,0
9367,3,1,2,1
9370,4,0,1,3
9371,4,0,1,3
9375,2,4,0,1
9377,4,0,1,3
9378,0,1,4,1
9384,1,2,3,0
9387,2,4,0,1
9391,2,4,0,1
9393,2,4,0,1
9394,4,0,1,3
9405,2,4,0,1
9410,2,4,0,1
9412,0,1,4,1
9414,2,4,0,1
9418,0,1,4,1
9425,2,4,0,1
9427,2,4,0,1
9430,2,1,4,1
9431,0,1,4,1
9432,4,0,1,3
9434,2,4,0,1
9453,2,4,0,1
9460,0,0,1,-1
9468,2,4,0,1
9470,3,3,2,-1
9471,2,4,0,1
9473,1,4,0,1
9478,2,4,0,1
9488,4,0,1,3
9489,2,4,0,1
9498,2,4,0,1
9525,0,1,4,1
9530,0,1,4,1
9532,2,4,0,1
9536,4,0,1,3
9537,4,0,1,3
9543,0,1,4,1
9544,2,4,0,1
9545,4,0,1,3
9548,4,0,1,3
9558,4,0,1,3
9559,0,1,4,1
9562,0,1,2,1
9568,1,2,3,0
9571,0,1,4,1
9572,4,0,1,3
9573,0,1,4,1
9575,0,1,4,1
9577,1,2,3,0
9585,3,1,2,1
9586,3,3,2,-1
9587,0,1,0,1
9593,4,0,1,3
9594,4,0,1,3
9597,4,0,1,3
9601,0,1,4,1
9606,4,0,1,3
9609,2,4,0,1
9612,2,4,0,1
9617,2,4,0,1
9619,0,1,4,1
9620,2,4,0,1
9624,2,4,0,1
9625,2,4,0,1
9627,2,4,0,1
9635,4,0,1,3
9639,4,0,2,3
9648,2,4,0,1
9649,4,0,1,3
9652,0,1,4,1
9653,0,1,4,1
9656,3,1,2,1
9657,2,4,0,1
9658,4,0,1,3
9660,3,3,2,-1
9668,2,4,0,1
9671,2,4,0,1
9672,2,4,0,1
9676,0,1,0,1
9683,0,1,4,1
9684,2,4,0,1
9695,3,3,2,-1
9697,3,1,2,1
9698,0,1,0,1
9699,2,4,0,1
9701,0,1,0,1
9709,4,0,1,3
9711,1,2,3,0
9718,1,2,3,0
9720,0,1,4,1
9725,3,1,2,1
9729,2,1,0,1
9733,0,1,4,1
9737,0,1,4,1
9740,0,1,4,1
9743,2,4,0,1
9757,2,4,0,1
9764,4,0,1,3
9773,0,1,4,1
9782,2,4,0,1
9783,4,0,1,3
9785,3,1,2,1
9786,2,4,0,1
9790,4,0,1,3
9796,0,1,4,1
9799,2,4,0,1
9800,2,4,0,1
9801,2,4,0,1
9802,4,3,2,-1
9812,2,4,0,1
9819,1,2,3,0
9822,2,4,0,1
9824,0,1,4,1
9834,1,2,3,0
9849,4,0,1,3
9851,4,0,1,3
9855,4,0,1,3
9857,0,0,4,3
9859,4,0,1,3
9861,2,4,0,1
9867,2,4,0,1
9875,0,0,1,-1
9876,2,4,0,1
9883,0,1,4,1
9885,0,0,4,3
9886,3,1,2,1
9887,0,0,4,3
9896,1,2,3,0
9906,2,4,0,1
9909,2,4,0,1
9918,4,0,1,3
9919,0,1,4,1
9920,0,1,4,1
9924,2,4,0,1
9926,3,1,2,1
9928,1,2,3,0
9930,4,0,1,3
9931,2,4,0,1
9932,2,4,0,1
9937,1,2,3,0
9939,4,0,1,3
9943,1,2,3,0
9956,4,0,1,3
9970,3,3,2,-1
9972,2,4,0,1
9973,4,0,1,3
9974,2,4,0,1
9976,0,1,4,1
9982,4,0,1,3
9988,2,4,0,1
9993,1,2,3,0
10010,4,0,1,3
10023,2,4,0,1
10024,0,1,4,1
10025,2,4,0,1
10027,2,4,0,1
10028,2,4,0,1
10033,4,0,1,3
10038,2,4,0,1
10044,4,0,1,3
10045,2,4,0,1
10051,0,1,4,1
10056,4,0,1,3
10057,0,1,4,1
10063,0,1,4,1
10065,2,4,0,1
10069,2,4,0,1
10073,4,0,1,3
10074,2,4,0,1
10075,0,1,4,1
10082,0,0,1,-1
10088,2,4,0,1
10092,2,4,0,1
10096,2,4,0,1
10102,4,0,1,3
10103,3,3,2,-1
10110,0,0,4,3
10111,2,4,0,1
10113,4,0,1,3
10115,1,2,3,0
10118,0,1,4,1
10121,4,0,1,3
10122,0,1,4,1
10128,2,1,0,1
10132,2,4,0,1
10138,2,4,0,1
10140,0,1,0,1
10151,2,1,4,1
10158,0,1,4,1
10159,0,0,1,-1
10162,2,4,0,1
10165,1,2,3,0
10166,1,2,3,0
10175,2,4,0,1
10180,4,3,1,3
10186,0,1,4,1
10200,2,4,0,1
10201,2,4,0,1
10203,3,0,2,3
10206,2,4,0,1
10210,2,4,0,1
10213,2,4,0,1
10214,2,4,0,1
10219,0,1,4,1
10221,0,1,4,1
10226,3,1,2,1
10229,2,4,0,1
10234,2,4,0,1
10237,2,4,0,1
10252,2,4,0,1
10259,3,1,2,1
10260,2,4,0,1
10264,2,4,0,1
10269,1,2,3,0
10275,2,4,0,1
10278,2,4,0,1
10282,2,4,0,1
10287,2,1,0,1
10288,4,0,1,3
10292,2,4,0,1
10297,0,1,4,1
10302,4,0,1,3
10304,0,1,4,1
10310,0,1,4,1
10311,2,4,0,1
10312,3,1,2,1
10313,4,0,1,3
10315,2,4,0,1
10316,2,4,0,1
10319,0,1,4,1
10329,0,1,4,1
10333,0,1,4,1
10336,2,4,0,1
10341,1,2,3,0
10346,0,1,4,1
10356,2,4,0,1
10360,4,0,1,3
10362,0,1,4,1
10366,4,0,1,3
10372,0,1,4,1
10373,0,1,0,1
10382,3,1,2,1
10383,4,0,1,3
10386,0,1,4,1
10391,2,4,0,1
10392,4,0,1,3
10397,2,4,0,1
10398,2,4,0,1
10407,0,1,4,1
10410,2,4,0,1
10412,4,0,1,3
10413,2,4,0,1
10417,2,4,0,1
10420,4,0,1,3
10423,2,4,0,1
10427,0,1,0,1
10430,0,0,4,3
10444,2,4,0,1
10450,0,1,4,1
10455,4,0,1,3
10459,4,0,1,3
10463,0,1,4,1
10466,0,1,4,1
10467,1,2,3,0
10469,0,1,4,1
10477,2,4,0,1
10489,2,4,0,1
10494,2,4,0,1
10497,2,4,0,1
10505,0,1,4,1
10514,0,1,4,1
10515,0,1,4,1
10521,0,1,4,1
10527,2,4,0,1
10536,0,1,4,1
10545,0,1,4,1
10548,0,1,4,1
10549,3,1,2,1
10559,2,4,0,1
10562,0,1,4,1
10563,2,4,0,1
10565,2,4,0,1
10566,2,1,0,1
10567,4,0,1,3
10572,1,2,3,0
10574,2,4,0,1
10575,2,4,0,1
10586,2,4,0,1
10591,2,4,0,1
10593,0,1,4,1
10594,2,4,0,1
10595,2,4,0,1
10602,4,0,1,3
10606,4,0,1,3
10607,2,4,0,1
10608,3,0,1,-1
10610,0,1,0,1
10614,2,4,0,1
10615,2,4,0,1
10617,2,4,0,1
10618,2,4,0,1
10620,4,0,1,3
10632,3,1,2,1
10646,2,4,0,1
10665,0,1,4,1
10666,0,1,4,1
10667,2,4,0,1
10672,0,1,4,1
10678,0,1,4,1
10680,2,4,0,1
10683,4,0,1,3
10687,2,4,0,1
10688,2,4,0,1
10689,4,0,1,3
10690,2,4,0,1
10697,2,4,0,1
10704,2,4,0,1
10706,2,4,0,1
10708,0,1,4,1
10712,4,0,1,3
10717,0,1,4,1
10719,2,4,0,1
10723,0,1,4,1
10725,2,4,0,1
10732,0,1,4,1
10735,3,1,2,1
10737,2,4,0,1
10740,2,4,0,1
10744,2,4,0,1
10746,4,0,1,3
10752,0,1,4,1
10754,0,1,4,1
10768,2,4,0,1
10769,0,1,4,1
10776,0,0,4,3
10778,0,1,4,1
10792,1,2,3,0
10798,2,1,0,1
10799,2,4,0,1
10803,0,1,4,1
10807,0,1,4,1
10822,2,4,0,1
10830,2,4,0,1
10834,2,4,0,1
10835,4,0,1,3
10845,2,4,0,1
10847,4,0,1,3
10861,2,4,0,1
10869,4,0,1,-1
10871,2,4,0,1
10873,0,1,4,1
10878,3,1,2,1
10879,2,4,0,1
10881,0,1,4,1
10884,0,1,4,1
10886,0,1,0,1
10889,0,1,4,1
10894,0,1,4,1
10895,0,1,4,1
10896,0,1,0,1
10897,4,0,1,3
10899,2,4,0,1
10904,0,1,4,1
10910,2,4,0,1
10913,3,1,2,1
10917,1,2,3,0
10932,2,4,0,1
10934,0,1,4,1
10935,0,1,4,1
10939,4,0,1,3
10941,4,0,1,3
10943,2,4,0,1
10945,3,1,2,1
10959,1,2,3,0
10960,2,4,0,1
10961,2,4,0,1
10962,2,4,0,1
10963,1,2,3,0
10979,4,0,1,3
10983,2,4,0,1
10995,0,1,4,1
10996,0,1,0,1
11001,0,1,4,1
11006,0,1,0,1
11009,2,4,0,1
11010,2,4,0,1
11013,4,0,1,3
11022,1,2,3,0
11029,0,1,4,1
11034,4,0,1,3
11037,2,4,0,1
11040,2,0,1,3
11047,1,2,3,0
11050,4,0,1,-1
11052,2,4,0,1
11072,2,4,0,1
11082,1,2,3,0
11083,0,1,0,1
11085,4,0,1,3
11086,2,4,0,1
11087,4,0,1,3
11089,4,0,1,3
11095,2,4,0,1
11097,0,1,4,1
11099,0,1,4,1
11102,3,1,2,1
11107,4,0,1,3
11108,0,0,4,3
11109,0,1,4,1
11112,4,0,1,3
11114,0,1,0,1
11115,2,4,0,1
11122,0,1,4,1
11132,2,4,0,1
11133,0,1,0,1
11136,1,2,3,0
11137,4,0,1,3
11141,2,4,0,1
11142,2,4,0,1
11149,2,4,0,1
11153,0,1,4,1
11155,2,4,0,1
11163,2,4,0,1
11166,1,2,3,0
11169,4,0,1,3
11172,4,0,1,3
11175,2,4,0,1
11180,0,1,4,1
11189,0,1,4,1
11190,0,1,0,1
11200,0,1,4,1
11201,4,0,1,3
11209,2,4,0,1
11214,4,0,1,3
11217,2,4,0,1
11219,4,0,1,3
11221,2,4,0,1
11222,1,2,3,0
11226,0,1,4,1
11236,4,0,1,3
11238,4,0,1,3
11245,4,0,1,3
11247,0,1,0,1
11260,2,4,0,1
11262,0,1,4,1
11264,0,1,2,1
11270,4,0,1,3
11286,1,2,3,0
11297,2,4,0,1
11302,0,1,4,1
11311,0,1,4,1
11320,0,1,4,1
11321,0,1,4,1
11322,0,1,0,1
11327,2,4,0,1
11331,2,4,0,1
11336,2,4,0,1
11343,3,1,2,1
11345,4,0,1,-1
11347,4,0,1,3
11350,2,4,0,1
11351,4,0,1,3
11353,2,4,0,1
11355,2,4,0,1
11360,0,3,4,-1
11362,1,4,0,1
11366,2,0,1,3
11369,2,4,0,1
11376,2,4,0,1
11378,1,2,3,0
11380,2,4,0,1
11382,0,1,4,1
11384,4,0,1,3
11389,2,4,0,1
11391,0,1,4,1
11392,0,1,4,1
11397,2,4,0,1
11400,4,0,1,-1
11404,1,2,3,0
11412,0,1,0,1
11422,0,1,4,1
11429,2,4,0,1
11430,0,1,0,1
11432,0,1,4,1
11441,2,4,0,1
11446,0,1,4,1
11448,4,0,1,3
11455,2,4,0,1
11457,2,1,0,1
11459,4,0,1,3
11461,2,4,0,1
11474,2,4,0,1
11478,0,1,4,1
11480,0,1,4,1
11482,0,1,0,1
11488,2,4,0,1
11508,2,4,0,1
11513,4,0,1,3
11518,4,0,1,3
11520,0,1,4,1
11525,2,4,0,1
11529,2,4,0,1
11530,0,1,4,1
11532,0,1,4,1
11535,4,0,1,-1
11546,2,4,0,1
11549,4,0,1,-1
11550,2,0,1,3
11557,4,0,1,3
11565,2,4,0,1
11566,2,4,0,1
11586,4,0,1,3
11587,4,0,1,3
11588,2,4,0,1
11593,0,1,4,1
11597,0,1,4,1
11598,4,0,1,3
11602,4,0,1,3
11603,0,1,4,1
11608,0,1,0,1
11619,0,1,4,1
11621,1,2,3,0
11622,2,4,0,1
11623,2,1,0,1
11629,0,1,0,1
11631,0,1,4,1
11639,4,0,1,3
11642,0,1,4,1
11644,2,0,1,3
11646,4,0,1,3
11648,0,1,4,1
11650,0,1,4,1
11659,2,4,0,1
11662,2,4,0,1
11663,0,0,4,3
11665,0,1,0,1
11673,2,4,0,1
11698,1,2,3,0
11699,4,0,1,3
11705,2,4,0,1
11707,2,4,0,1
11709,4,0,1,3
11710,2,4,0,1
11716,0,1,4,1
11718,2,4,0,1
11721,0,1,4,1
11730,2,4,0,1
11748,0,1,4,1
11753,4,0,1,3
11757,2,4,0,1
11763,1,2,3,0
11765,2,4,0,1
11773,4,0,1,3
11780,0,1,4,1
11792,2,4,0,1
11798,2,4,0,1
11802,2,4,0,1
11805,3,1,2,1
11809,2,4,0,1
11816,2,4,0,1
11825,3,1,2,1
11828,0,1,4,1
11830,4,0,1,3
11834,3,1,2,1
11838,0,1,0,1
11846,2,4,0,1
11852,0,1,4,1
11859,2,4,0,1
11860,0,1,0,1
11861,4,0,1,3
11865,3,3,2,2
11868,3,1,2,1
11871,4,0,1,3
11872,2,4,0,1
11874,2,4,0,1
11881,2,4,0,1
11882,2,4,0,1
11885,0,1,4,1
11888,4,0,1,3
11894,2,4,0,1
11899,2,4,0,1
11906,4,0,1,3
11910,2,4,0,1
11912,2,4,0,1
11914,0,1,4,1
11917,4,0,1,3
11923,2,4,0,1
11932,2,4,0,1
11938,1,2,3,0
11946,0,1,4,1
11953,2,4,0,1
11957,2,4,0,1
11965,4,0,1,3
11970,2,0,1,3
11974,2,4,0,1
11975,3,1,2,1
11980,0,1,4,1
11982,0,1,4,1
11993,1,2,3,0
11995,2,4,0,1
11997,2,4,0,1
12008,2,4,0,1
12010,2,4,0,1
12012,1,2,3,0
12015,2,4,0,1
12019,4,0,1,3
12021,2,4,0,1
12022,2,4,0,1
12027,0,1,4,1
12032,0,1,0,1
12035,4,0,1,-1
12038,0,1,4,1
12041,2,4,0,1
12042,4,0,1,3
12047,2,4,0,1
12054,0,1,4,1
12055,2,4,0,1
12059,0,1,4,1
12060,2,4,0,1
12068,2,4,0,1
12074,4,0,1,3
12078,4,0,1,3
12087,0,0,4,3
12093,0,1,4,1
12094,3,1,2,1
12097,2,1,0,1
12098,0,1,4,1
12105,2,4,0,1
12107,2,4,0,1
12114,4,0,1,3
12116,1,2,3,0
12117,0,1,0,1
12119,2,4,0,1
12121,2,4,0,1
12123,2,4,0,1
12126,2,4,0,1
12134,0,1,0,1
12136,2,4,0,1
12138,2,4,0,1
12145,0,1,4,1
12146,2,4,0,1
12155,4,0,1,3
12159,1,2,3,0
12160,2,4,0,1
12161,2,4,0,1
12162,2,4,0,1
12166,2,4,0,1
12170,4,0,1,3
12172,0,1,4,1
12174,1,2,3,0
12175,1,2,3,0
12182,4,0,2,3
12208,2,4,0,1
12213,0,1,0,1
12214,2,4,0,1
12225,2,4,0,1
12231,2,1,0,1
12234,2,4,0,1
12235,0,1,4,1
12240,2,1,4,1
12245,2,4,0,1
12248,2,4,0,1
12250,0,1,4,1
12251,2,0,1,-1
12252,2,4,0,1
12253,2,4,0,1
12254,2,4,0,1
12257,2,0,1,3
12260,4,0,1,3
12268,0,1,4,1
12271,0,1,4,1
12272,0,1,4,1
12273,0,1,4,1
12277,2,4,0,1
12283,2,4,0,1
12285,4,0,1,3
12286,2,4,0,1
12287,4,0,1,3
12289,2,4,0,1
12293,2,3,1,3
12295,4,0,1,3
12302,2,4,0,1
12312,4,0,1,3
12321,1,2,3,0
12323,0,1,4,1
12328,0,1,4,1
12329,2,4,0,1
